{
  "ranAt": "2026-05-14T21:07:31.260Z",
  "git": {
    "sha": "e2af7f5",
    "dirty": true
  },
  "experiment": "grid-streaming-transcoded",
  "params": {
    "captureResolution": {
      "width": 1280,
      "height": 720
    },
    "totalResolution": {
      "width": 1080,
      "height": 1965
    },
    "gridSizes": [
      4,
      9,
      16,
      25
    ],
    "recordSeconds": 6,
    "runSeconds": 6,
    "maxQueue": 8,
    "realtimeFps": 28
  },
  "device": {
    "userAgent": "Mozilla/5.0 (Linux; Android 10; K) AppleWebKit/537.36 (KHTML, like Gecko) Chrome/148.0.0.0 Mobile Safari/537.36",
    "viewport": {
      "width": 384,
      "height": 699
    }
  },
  "result": {
    "source": {
      "requested": "1280x720",
      "actual": "720x1280"
    },
    "grids": [
      {
        "n": 4,
        "cell": {
          "target": "540x983",
          "actual": "544x976"
        },
        "transcodeMs": 3392.300000011921,
        "perDecoderFps": [
          37.06854642680163,
          34.33398152646381,
          32.51093825957192,
          31.751336898366972
        ],
        "minFps": 31.751336898366972,
        "aggregateFps": 135.66480311120432,
        "realtimeOk": true
      },
      {
        "n": 9,
        "cell": {
          "target": "360x655",
          "actual": "368x656"
        },
        "transcodeMs": 1680.699999988079,
        "perDecoderFps": [
          28.231972709167277,
          25.438183743155932,
          22.056228679036934,
          22.056228679036934,
          22.056228679036934,
          21.76214562998311,
          21.32102105640237,
          20.879896482821632,
          20.585813433767807
        ],
        "minFps": 20.585813433767807,
        "aggregateFps": 204.38771909240896,
        "realtimeOk": false
      },
      {
        "n": 16,
        "cell": {
          "target": "270x491",
          "actual": "272x496"
        },
        "transcodeMs": 1637.0999999940395,
        "perDecoderFps": [
          24.82540375385966,
          20.460497599334886,
          20.460497599334886,
          19.369271060703692,
          18.414447839401397,
          17.596027935428,
          17.050414666112406,
          16.641204714125706,
          16.23199476213901,
          15.822784810152312,
          15.549978175494513,
          15.140768223507814,
          14.867961588850017,
          14.595154954192218,
          14.458751636863319,
          14.185945002205521
        ],
        "minFps": 14.185945002205521,
        "aggregateFps": 275.6711043217054,
        "realtimeOk": false
      },
      {
        "n": 25,
        "cell": {
          "target": "216x393",
          "actual": "224x400"
        },
        "transcodeMs": 1661.800000011921,
        "perDecoderFps": [
          23.78024888184635,
          20.267257569755415,
          19.321452216500163,
          18.780992014640017,
          17.159611409059583,
          16.754266257664476,
          16.21380605580433,
          15.943575954874259,
          14.727540500688933,
          14.727540500688933,
          13.916850197898718,
          13.916850197898718,
          13.376389996038572,
          13.241274945573537,
          13.106159895108501,
          12.700814743713392,
          12.295469592318284,
          12.025239491388213,
          12.025239491388213,
          11.75500939045814,
          11.349664239063031,
          11.214549188597996,
          10.944319087667923,
          10.809204037202887,
          10.674088986737852
        ],
        "minFps": 10.674088986737852,
        "aggregateFps": 361.0274148425765,
        "realtimeOk": false
      }
    ]
  }
}
