{
  "ranAt": "2026-05-14T21:18:46.971Z",
  "git": {
    "sha": "864acae",
    "dirty": true
  },
  "experiment": "grid-streaming-workers",
  "params": {
    "captureResolution": {
      "width": 1280,
      "height": 720
    },
    "totalResolution": {
      "width": 1080,
      "height": 1965
    },
    "gridSizes": [
      4,
      9,
      16,
      25
    ],
    "recordSeconds": 6,
    "runSeconds": 6,
    "maxQueue": 8,
    "realtimeFps": 28
  },
  "device": {
    "userAgent": "Mozilla/5.0 (Linux; Android 10; K) AppleWebKit/537.36 (KHTML, like Gecko) Chrome/148.0.0.0 Mobile Safari/537.36",
    "viewport": {
      "width": 384,
      "height": 699
    }
  },
  "result": {
    "source": {
      "requested": "1280x720",
      "actual": "720x1280"
    },
    "grids": [
      {
        "n": 4,
        "cell": {
          "target": "540x983",
          "actual": "544x976"
        },
        "transcodeMs": 2519.4000000059605,
        "perDecoderFps": [
          37.948921975214795,
          35.604590394433494,
          34.58513145413738,
          33.52776374405612
        ],
        "minFps": 33.52776374405612,
        "aggregateFps": 141.6664075678418,
        "realtimeOk": true
      },
      {
        "n": 9,
        "cell": {
          "target": "360x655",
          "actual": "368x656"
        },
        "transcodeMs": 1464.5,
        "perDecoderFps": [
          30.280989772717348,
          27.437893956247684,
          24.981301421092,
          26.16516762060507,
          22.947007710152743,
          24.456255910356912,
          22.662718317581017,
          22.488081316841757,
          22.433261048381066
        ],
        "minFps": 22.433261048381066,
        "aggregateFps": 223.85267707397557,
        "realtimeOk": false
      },
      {
        "n": 16,
        "cell": {
          "target": "270x491",
          "actual": "272x496"
        },
        "transcodeMs": 1364.5,
        "perDecoderFps": [
          23.351755273604734,
          23.809186377764192,
          20.58840233994357,
          16.018764838852146,
          19.605057536581903,
          18.11413330292079,
          18.485076855293183,
          16.988108324158624,
          16.738197424892704,
          15.349524451635872,
          14.777618364418938,
          15.689406797805411,
          13.56343068220004,
          14.548702140494346,
          14.268830532377974,
          14.054612207470646
        ],
        "minFps": 13.56343068220004,
        "aggregateFps": 275.95080745041514,
        "realtimeOk": false
      },
      {
        "n": 25,
        "cell": {
          "target": "216x393",
          "actual": "224x400"
        },
        "transcodeMs": 1361.300000011921,
        "perDecoderFps": [
          19.40785951389755,
          17.694844365772415,
          15.515799131090294,
          15.880706287670293,
          17.063241478442315,
          14.364922738218915,
          14.793695196095564,
          12.939749292357462,
          14.268023474902394,
          13.583449924600854,
          12.865829710576161,
          12.677860948142154,
          12.640678519022275,
          12.605212865439336,
          12.403227565130866,
          11.82997470830117,
          11.596812922952019,
          12.081885317154656,
          11.618688318415142,
          11.530896018449434,
          10.800907823112148,
          11.07980193145105,
          10.559082868213611,
          10.531498755359744,
          11.10775897531628
        ],
        "minFps": 10.531498755359744,
        "aggregateFps": 331.44240865008413,
        "realtimeOk": false
      }
    ]
  }
}
